"case","run","arm","elapsed","edges","visited"
"o_branched",1,"R",0.176,16,9
"o_branched",1,"native",0.018,16,9
"o_branched",2,"native",0.018,16,9
"o_branched",2,"R",0.151,16,9
"o_branched",3,"R",0.149,16,9
"o_branched",3,"native",0.0169999999999999,16,9
"o_branched",4,"native",0.0170000000000001,16,9
"o_branched",4,"R",0.149,16,9
"o_branched",5,"R",0.151,16,9
"o_branched",5,"native",0.0170000000000003,16,9
"o_branched",6,"native",0.0180000000000002,16,9
"o_branched",6,"R",0.15,16,9
"o_branched",7,"R",0.149,16,9
"o_branched",7,"native",0.0180000000000002,16,9
"n_complex",1,"R",0.177,23,13
"n_complex",1,"native",0.016,23,13
"n_complex",2,"native",0.016,23,13
"n_complex",2,"R",0.18,23,13
"n_complex",3,"R",0.176,23,13
"n_complex",3,"native",0.0169999999999999,23,13
"n_complex",4,"native",0.016,23,13
"n_complex",4,"R",0.183,23,13
"n_complex",5,"R",0.177,23,13
"n_complex",5,"native",0.0169999999999995,23,13
"n_complex",6,"native",0.0170000000000003,23,13
"n_complex",6,"R",0.184,23,13
"n_complex",7,"R",0.184,23,13
"n_complex",7,"native",0.016,23,13
"n_precursor",1,"R",0.425,37,18
"n_precursor",1,"native",0.0360000000000005,37,18
"n_precursor",2,"native",0.0380000000000003,37,18
"n_precursor",2,"R",0.465000000000001,37,18
"n_precursor",3,"R",0.421,37,18
"n_precursor",3,"native",0.0379999999999994,37,18
"n_precursor",4,"native",0.0360000000000005,37,18
"n_precursor",4,"R",0.429,37,18
"n_precursor",5,"R",0.426,37,18
"n_precursor",5,"native",0.036999999999999,37,18
"n_precursor",6,"native",0.0380000000000003,37,18
"n_precursor",6,"R",0.430000000000001,37,18
"n_precursor",7,"R",0.43,37,18
"n_precursor",7,"native",0.0380000000000003,37,18
"n_multi",1,"R",3.981,344,93
"n_multi",1,"native",0.0650000000000013,344,93
"n_multi",2,"native",0.0650000000000013,344,93
"n_multi",2,"R",4.029,344,93
"n_multi",3,"R",4.198,344,93
"n_multi",3,"native",0.0660000000000025,344,93
"n_multi",4,"native",0.0629999999999988,344,93
"n_multi",4,"R",4.053,344,93
"n_multi",5,"R",4.134,344,93
"n_multi",5,"native",0.0649999999999977,344,93
"n_multi",6,"native",0.0629999999999953,344,93
"n_multi",6,"R",4.165,344,93
"n_multi",7,"R",4.151,344,93
"n_multi",7,"native",0.0650000000000048,344,93
